"0","all_pages"
"1"," [1]"
"1"," ""C:\\Users\\Cimentadaj\\AppData\\Local\\Temp\\RtmpwfxJJe\\file514058724c1901.pdf"""
"1","
"
"1"," [2]"
"1"," ""C:\\Users\\Cimentadaj\\AppData\\Local\\Temp\\RtmpwfxJJe\\file514058724c1902.pdf"""
"1","
"
"1"," [3]"
"1"," ""C:\\Users\\Cimentadaj\\AppData\\Local\\Temp\\RtmpwfxJJe\\file514058724c1903.pdf"""
"1","
"
"1"," [4]"
"1"," ""C:\\Users\\Cimentadaj\\AppData\\Local\\Temp\\RtmpwfxJJe\\file514058724c1904.pdf"""
"1","
"
"1"," [5]"
"1"," ""C:\\Users\\Cimentadaj\\AppData\\Local\\Temp\\RtmpwfxJJe\\file514058724c1905.pdf"""
"1","
"
"1"," [6]"
"1"," ""C:\\Users\\Cimentadaj\\AppData\\Local\\Temp\\RtmpwfxJJe\\file514058724c1906.pdf"""
"1","
"
"1"," [7]"
"1"," ""C:\\Users\\Cimentadaj\\AppData\\Local\\Temp\\RtmpwfxJJe\\file514058724c1907.pdf"""
"1","
"
"1"," [8]"
"1"," ""C:\\Users\\Cimentadaj\\AppData\\Local\\Temp\\RtmpwfxJJe\\file514058724c1908.pdf"""
"1","
"
"1"," [9]"
"1"," ""C:\\Users\\Cimentadaj\\AppData\\Local\\Temp\\RtmpwfxJJe\\file514058724c1909.pdf"""
"1","
"
"1","[10]"
"1"," ""C:\\Users\\Cimentadaj\\AppData\\Local\\Temp\\RtmpwfxJJe\\file514058724c1910.pdf"""
"1","
"
"1","[11]"
"1"," ""C:\\Users\\Cimentadaj\\AppData\\Local\\Temp\\RtmpwfxJJe\\file514058724c1911.pdf"""
"1","
"
"1","[12]"
"1"," ""C:\\Users\\Cimentadaj\\AppData\\Local\\Temp\\RtmpwfxJJe\\file514058724c1912.pdf"""
"1","
"
"1","[13]"
"1"," ""C:\\Users\\Cimentadaj\\AppData\\Local\\Temp\\RtmpwfxJJe\\file514058724c1913.pdf"""
"1","
"
"1","[14]"
"1"," ""C:\\Users\\Cimentadaj\\AppData\\Local\\Temp\\RtmpwfxJJe\\file514058724c1914.pdf"""
"1","
"
